table with row headers in column B and column headers in rows 3 through 4;;;;;;;;;;;;;
Annual Estimates of the Resident Population for Incorporated Places of 50,000 or More, Ranked by July 1, 2019 Population: April 1, 2010 to July 1, 2019;;;;;;;;;;;;;
Rank;Geographic Area;avril 1, 2010;;Population Estimate (as of July 1);;;;;;;;;
;;Census;Estimates Base;2010;2011;2012;2013;2014;2015;2016;2017;2018;2019
1;New York city, New York;8175133;8175031;8190209;8272948;8346693;8396091;8433806;8463049;8469153;8437478;8390081;8336817
2;Los Angeles city, California;3792621;3793139;3795512;3820876;3851202;3881622;3909901;3938568;3963226;3975788;3977596;3979576
3;Chicago city, Illinois;2695598;2695652;2697477;2708114;2719141;2725731;2727066;2724344;2716723;2711069;2701423;2693976
4;Houston city, Texas;2099451;2095517;2100280;2126032;2161593;2199391;2241826;2286908;2309544;2316750;2318573;2320268
5;Phoenix city, Arizona;1445632;1446691;1449038;1469796;1499274;1526491;1555445;1583690;1612199;1633560;1654675;1680992
6;Philadelphia city, Pennsylvania;1526006;1526012;1528283;1540466;1551824;1558313;1565460;1571065;1576051;1580601;1583592;1584064
7;San Antonio city, Texas;1327407;1326161;1332299;1357120;1383075;1408339;1435456;1464043;1487843;1511154;1530016;1547253
8;San Diego city, California;1307402;1301929;1305906;1319592;1336776;1355320;1375831;1387323;1402089;1412621;1421917;1423851
9;Dallas city, Texas;1197816;1197658;1200350;1218282;1242115;1258835;1279098;1301329;1323916;1342479;1341802;1343573
10;San Jose city, California;945942;952528;954940;970369;983530;1001279;1014273;1025980;1030242;1032335;1028020;1021795
11;Austin city, Texas;790390;801829;806164;828459;854482;875003;901170;921114;939447;951553;962469;978908
12;Jacksonville city, Florida;821784;821750;823114;829609;837013;842735;852494;865836;880520;892025;902437;911507
13;Fort Worth city, Texas;741206;744824;748441;764142;781046;796073;815057;835356;856177;874809;893216;909585
14;Columbus city, Ohio;787033;789018;790943;800607;812740;827797;841673;854950;866894;881694;890869;898553
15;Charlotte city, North Carolina;731424;735607;738444;754829;773264;792047;807400;825668;843117;860002;872514;885708
16;San Francisco city, California;805235;805184;805505;815650;828876;839572;850750;863010;871512;878040;880696;881549
17;Indianapolis city (balance), Indiana;820445;820457;821579;827664;835499;844696;850164;853714;859049;863478;870960;876384
18;Seattle city, Washington;608660;608661;610630;622694;635928;653588;670109;687386;709631;728661;742235;753675
19;Denver city, Colorado;600158;599825;603359;620530;635163;649391;664582;683285;696159;704961;716265;727211
20;Washington city, District of Columbia;601723;601767;605226;619800;634924;650581;662328;675400;685815;694906;701547;705749
21;Boston city, Massachusetts;617594;617792;621048;630505;642955;653002;662855;670491;679848;687788;691147;692600
22;El Paso city, Texas;649121;648245;650671;664404;674941;674808;677235;676242;679955;681343;679875;681728
23;Nashville-Davidson metropolitan government (balance), Tennessee;601222;603438;604589;612518;625550;635999;645259;655498;661765;663587;667006;670820
24;Detroit city, Michigan;713777;713898;711131;705118;700183;691868;682609;679410;677143;674631;672977;670031
25;Oklahoma City city, Oklahoma;579999;580462;582516;590947;600971;612061;621639;632172;639924;642822;647912;655057
26;Portland city, Oregon;583776;583793;585429;595451;604264;609890;620510;631366;642720;647924;650837;654741
27;Las Vegas city, Nevada;583756;584489;584576;586606;593275;599551;607976;617487;626538;635262;643228;651319
28;Memphis city, Tennessee;646889;651873;652326;655341;658786;657146;654990;654106;652548;650878;651104;651073
29;Louisville/Jefferson County metro government (balance), Kentucky;597337;595710;596482;599920;604246;610471;612634;615372;617583;619728;618495;617638
30;Baltimore city, Maryland;620961;620770;620915;620410;622895;622391;623587;622522;616226;610481;602443;593490
31;Milwaukee city, Wisconsin;594833;594498;594865;597086;598569;599916;600664;600477;596996;593725;591375;590157
32;Albuquerque city, New Mexico;545852;546153;546755;552066;555002;557445;557444;557937;559192;559673;559629;560513
33;Tucson city, Arizona;520116;526634;527160;530709;531880;532945;534800;535607;537528;541377;544858;548073
34;Fresno city, California;494665;497172;497769;501429;505414;508880;514100;518203;521426;525373;528814;531576
35;Mesa city, Arizona;439041;440092;440993;447681;456968;464803;473132;481811;490695;500021;507945;518012
36;Sacramento city, California;466488;466383;467286;470902;474226;478214;482762;488133;494127;500777;507737;513624
37;Atlanta city, Georgia;420003;427059;429410;437812;449016;453990;461154;468303;479174;491670;498183;506811
38;Kansas City city, Missouri;459787;459902;460697;462368;464595;467213;470629;475073;481670;488329;492012;495327
39;Colorado Springs city, Colorado;416427;417447;420685;427434;432782;438146;442361;449572;458714;465167;472567;478221
40;Omaha city, Nebraska;408958;458989;459659;462101;465261;468086;470423;472638;475044;476271;477299;478192
41;Raleigh city, North Carolina;403892;404068;406353;413958;423304;431391;439503;449546;459469;465776;469314;474069
42;Miami city, Florida;399457;399481;400779;406593;411149;415661;425110;434738;449149;456617;462819;467963
43;Long Beach city, California;462257;462221;462431;464512;466873;468000;469109;470128;468719;466646;465865;462628
44;Virginia Beach city, Virginia;437994;437903;438859;442583;445044;447706;448864;450304;450983;449896;449849;449974
45;Oakland city, California;390724;390765;391406;396086;401104;406648;412901;418211;420947;424382;429056;433031
46;Minneapolis city, Minnesota;382578;382603;383067;388052;392768;400070;407067;411030;415079;420925;424903;429606
47;Tulsa city, Oklahoma;391906;392004;392403;393005;394643;398401;399892;403491;404007;402060;400414;401190
48;Tampa city, Florida;335709;336150;337053;342589;348090;355172;362664;371464;380344;391026;397232;399700
49;Arlington city, Texas;365438;365098;365892;370253;375629;378950;382721;388728;394384;397173;398123;398854
50;New Orleans city, Louisiana;343829;343828;347772;360735;369787;378637;383940;389742;391843;391493;391004;390144
51;Wichita city, Kansas;382368;382437;382745;383773;385751;387210;388416;389412;390519;390277;389231;389938
52;Bakersfield city, California;347483;347817;348987;353221;357312;362834;366954;371348;374699;377940;381714;384145
53;Cleveland city, Ohio;396815;396665;395926;392667;391550;391792;390871;389244;387662;385252;383214;381009
54;Aurora city, Colorado;325078;324659;326055;332730;339261;345613;352660;360098;363277;367574;374572;379289
55;Anaheim city, California;336265;336109;336760;339831;342071;343832;344604;348251;350013;350476;350698;350365
56;Urban Honolulu CDP, Hawaii;337256;337721;339121;343059;346845;349237;349561;351571;351747;349750;346945;345064
57;Santa Ana city, California;324528;324774;325327;328227;330550;333716;333431;333417;333765;332627;331912;332318
58;Riverside city, California;303871;303933;305466;309472;312323;315510;317702;320483;323684;326882;329654;331360
59;Corpus Christi city, Texas;305215;305226;305272;308103;312390;317043;320765;324672;325786;325568;326307;326586
60;Lexington-Fayette urban county, Kentucky;295803;295870;296848;301696;305947;309865;311784;315819;319644;321964;322426;323152
61;Henderson city, Nevada;257729;257001;257452;258752;263278;268274;274255;282167;289480;299314;309518;320189
62;Stockton city, California;291707;292182;292888;295363;297045;297493;301062;304550;307158;310143;311628;312697
63;St. Paul city, Minnesota;285068;285112;285510;288872;291280;295054;297655;299915;302948;304913;306960;308096
64;Cincinnati city, Ohio;296943;297025;296980;296187;296900;297905;298626;299439;299748;301587;302277;303940
65;St. Louis city, Missouri;319294;319289;319336;319344;319416;318476;317399;316010;312633;308233;303419;300576
66;Pittsburgh city, Pennsylvania;305704;305245;305283;306012;306355;306902;305964;304070;304643;301494;300570;300286
67;Greensboro city, North Carolina;269666;268936;269598;272430;276041;279244;282261;284610;289182;291537;294518;296710
68;Lincoln city, Nebraska;258379;258794;259455;262690;265861;269129;274128;277345;281339;284527;286930;289102
69;Anchorage municipality, Alaska;291826;291836;293321;296197;298255;301142;299893;297547;297249;294338;290521;288000
70;Plano city, Texas;259841;259859;261234;267035;272329;274708;278226;283887;287269;287715;288747;287677
71;Orlando city, Florida;238300;238836;239326;243620;249935;255135;262469;270786;278512;281804;285903;287442
72;Irvine city, California;212375;212107;213450;220303;229063;236057;247136;255382;265345;276000;281732;287401
73;Newark city, New Jersey;277140;277135;277175;277574;277594;278121;278936;279636;280681;281237;281752;282011
74;Durham city, North Carolina;228330;229892;230727;235341;241117;246992;253290;258647;265499;269844;274557;278993
75;Chula Vista city, California;243916;243923;244648;248318;252379;256691;259885;264206;266238;269046;270819;274492
76;Toledo city, Ohio;287208;287357;287065;285425;283185;282352;280712;279898;278897;276688;274864;272779
77;Fort Wayne city, Indiana;253691;253739;254161;256293;257626;259333;260570;262109;263513;265128;267460;270402
78;St. Petersburg city, Florida;244769;245177;245222;245871;246656;248453;252225;255041;259266;262588;264466;265351
79;Laredo city, Texas;236091;235780;236807;241195;245728;249602;252734;255271;257862;259324;260856;262491
80;Jersey City city, New Jersey;247597;247608;248324;252877;256072;257119;258632;260171;260427;263292;263851;262075
81;Chandler city, Arizona;236123;236157;236454;236834;237660;239888;240888;243679;247845;253599;257186;261165
82;Madison city, Wisconsin;233209;233173;233730;236908;239880;243233;245848;248788;252677;255786;257854;259680
83;Lubbock city, Texas;229573;229943;231105;233928;236361;239708;244350;247950;251387;254432;256469;258862
84;Scottsdale city, Arizona;217385;217492;217638;220816;225191;228887;233949;241073;247953;251396;254479;258069
85;Reno city, Nevada;225221;225317;225652;227061;228926;230987;234096;238082;242143;246615;250146;255601
86;Buffalo city, New York;261310;261346;261275;260701;260155;260013;259548;258165;256816;256301;255781;255284
87;Gilbert town, Arizona;208453;208462;209493;211466;215916;221626;227308;232401;237139;242695;249914;254114
88;Glendale city, Arizona;226721;226172;226236;229304;233588;236869;239964;243103;245903;247784;249955;252381
89;North Las Vegas city, Nevada;216961;216667;216836;218291;221856;225346;228680;232537;236513;240504;245349;251974
90;Winston-Salem city, North Carolina;229617;229627;230022;231867;233867;235728;238478;239755;241776;244501;246535;247945
91;Chesapeake city, Virginia;222209;222311;223556;225361;228091;230327;233360;235111;237464;240143;242359;244835
92;Norfolk city, Virginia;242803;242827;242999;243655;246149;245468;246576;246457;245680;244543;243585;242742
93;Fremont city, California;214089;214074;214553;217391;221426;224796;228274;231687;233478;234544;237811;241110
94;Garland city, Texas;226876;226908;227345;230055;233698;234660;235590;237161;236310;238327;241709;239928
95;Irving city, Texas;216290;216285;216859;219859;225748;228943;232584;237201;239898;240608;241424;239798
96;Hialeah city, Florida;224669;224704;225470;228127;230445;232316;232850;233872;234283;236314;234941;233339
97;Richmond city, Virginia;204214;204375;204302;206391;210794;213860;217044;220856;225369;227230;229221;230436
98;Boise City city, Idaho;205671;209384;209576;212635;215627;217330;219440;220850;224604;227648;228442;228959
99;Spokane city, Washington;208916;209455;209525;209042;209304;210036;211095;212545;215191;217415;219332;222081
100;Baton Rouge city, Louisiana;229493;229423;229374;228643;228889;228346;227851;227202;226686;224414;222190;220236
101;Tacoma city, Washington;198397;198247;198230;199519;201537;202127;203740;206784;210248;213417;216111;217827
102;San Bernardino city, California;209924;210422;210637;212159;213161;213789;214222;215325;216036;216902;216323;215784
103;Modesto city, California;201165;203114;203301;204017;205040;206075;207652;209245;211231;213000;214389;215196
104;Fontana city, California;196069;196458;197317;199880;201212;202670;203972;206163;208718;211122;213202;214547
105;Des Moines city, Iowa;203433;204220;205032;207924;210244;212026;214350;215243;216308;216662;215994;214237
106;Moreno Valley city, California;193365;193305;194240;196590;198214;200195;201831;202919;204711;206741;208889;213055
107;Santa Clarita city, California;176320;208778;208822;209843;210672;211376;212283;213184;213526;213734;213549;212979
108;Fayetteville city, North Carolina;200564;200565;208337;208745;208884;211069;210076;209596;211065;209091;210748;211657
109;Birmingham city, Alabama;212237;212585;212328;212095;211287;211765;211651;212259;211977;211533;210487;209403
110;Oxnard city, California;197899;198047;198539;199968;201105;202835;204560;206228;207455;208831;209271;208881
111;Rochester city, New York;210565;210674;210217;210491;210329;210179;209329;208561;207659;206410;206004;205695
112;Port St. Lucie city, Florida;164603;164203;164848;166283;167888;169405;172669;177695;183521;189119;194808;201846
113;Grand Rapids city, Michigan;188040;188036;188007;189104;190821;192982;194335;195056;196556;199135;200136;201013
114;Huntsville city, Alabama;180105;180395;180941;182327;183748;186001;187834;190333;192412;195420;198125;200574
115;Salt Lake City city, Utah;186440;186433;186643;188265;190183;192121;191837;192163;194680;200932;200435;200567
116;Frisco city, Texas;116989;117174;118201;123515;128445;136794;144965;154390;164176;177730;188452;200490
117;Yonkers city, New York;195976;196026;196407;197584;198057;198769;199367;199667;200077;199873;199883;200370
118;Amarillo city, Texas;190695;190666;191249;193763;195404;196248;197200;197816;198694;199722;199183;199371
119;Glendale city, California;191719;191692;191720;192656;193859;195318;198232;199197;200118;201804;200688;199303
120;Huntington Beach city, California;189992;191038;191296;192995;194174;197107;199610;200653;200284;200938;200126;199223
121;McKinney city, Texas;131117;131152;132934;137928;143510;149207;157143;163612;173577;182104;191748;199177
122;Montgomery city, Alabama;205764;205501;205593;205198;203946;202439;201435;201018;200441;200047;198899;198525
123;Augusta-Richmond County consolidated government (balance), Georgia;195844;195859;196375;195847;196989;196602;196579;196763;197276;197018;197025;197888
124;Aurora city, Illinois;197899;197975;198207;199150;199648;199803;200189;200315;200799;200391;199199;197757
125;Akron city, Ohio;199110;199209;199081;199112;198969;198972;199008;198588;198068;198085;197884;197597
126;Little Rock city, Arkansas;193524;193538;193972;195292;196564;197143;197595;198178;198631;198314;197484;197312
127;Tempe city, Arizona;161719;161774;162323;164477;168549;170740;175636;179114;184877;185792;191746;195805
128;Columbus city, Georgia;189885;190570;191101;195271;198965;203225;200563;198702;196219;193836;194169;195769
129;Overland Park city, Kansas;173372;173329;174040;176034;178683;180932;183980;186222;189302;191327;192724;195494
130;Grand Prairie city, Texas;175396;175468;175974;178903;182030;183891;185824;188411;192095;193973;193989;194543
131;Tallahassee city, Florida;181376;181050;181438;182997;186298;185602;187094;188645;188870;191655;192763;194500
132;Cape Coral city, Florida;154305;154309;154731;157330;160558;164336;168365;173572;178534;183701;189468;194495
133;Mobile city, Alabama;195111;194659;194577;193801;193761;193288;192582;191975;191472;190190;189809;188720
134;Knoxville city, Tennessee;178874;178134;178258;179955;181093;181779;182631;184046;184986;186905;187362;187603
135;Shreveport city, Louisiana;199311;200976;201437;202327;202347;200469;198259;197001;194672;192023;189360;187112
136;Worcester city, Massachusetts;181045;180891;181759;182387;182575;183327;184559;184627;184859;185325;185555;185428
137;Ontario city, California;163924;163936;164377;165756;166630;167096;168097;170210;172561;175334;180718;185010
138;Vancouver city, Washington;161791;167159;167595;169046;170035;171565;173406;176409;178621;180360;182887;184463
139;Sioux Falls city, South Dakota;153888;153978;154533;156471;159847;163478;167050;170183;173503;177636;180398;183793
140;Chattanooga city, Tennessee;167674;170322;170574;172341;173972;175325;175321;176400;177746;179530;181918;182799
141;Brownsville city, Texas;175023;174729;175362;178154;179652;180648;181656;181528;182311;182384;182333;182781
142;Fort Lauderdale city, Florida;165521;165754;166126;169012;170909;172275;175153;177356;178837;179877;182101;182437
143;Providence city, Rhode Island;178042;177770;178029;178332;178813;178692;179119;179252;179548;179252;179520;179883
144;Newport News city, Virginia;180719;180955;180888;180078;180056;181275;181522;180958;180209;179447;178523;179225
145;Rancho Cucamonga city, California;165269;165380;166226;167928;169959;170815;173220;174203;175782;176921;177345;177603
146;Santa Rosa city, California;167815;175038;175238;176243;177093;178684;180585;181485;181909;181596;176750;176753
147;Peoria city, Arizona;154065;154048;154846;155014;155326;156354;157770;160431;164212;168192;172263;175961
148;Oceanside city, California;167086;167547;168079;170008;171590;173175;174318;175189;175451;175884;175758;175742
149;Elk Grove city, California;153015;152995;153375;155615;158083;160251;162701;165997;169156;171425;172603;174775
150;Salem city, Oregon;154637;154931;155247;156171;157369;158814;160675;163175;166478;169627;172646;174365
151;Pembroke Pines city, Florida;154750;154898;155265;158278;160245;162133;164065;165800;168321;170707;171975;173591
152;Eugene city, Oregon;156185;156431;156527;157424;158238;158441;160260;162910;165927;169391;170701;172622
153;Garden Grove city, California;170883;170958;171181;172957;173809;174422;174423;174343;174571;173422;172195;171644
154;Cary town, North Carolina;135234;135840;137086;142209;146154;151328;155439;159712;162477;165927;168042;170282
155;Fort Collins city, Colorado;143986;144879;145268;146673;149508;152668;156804;160991;163004;165541;168324;170243
156;Corona city, California;152374;152315;153052;154693;157405;158763;160419;163154;166067;167310;168476;169868
157;Springfield city, Missouri;159498;159341;159376;160246;161915;163708;164749;166133;166541;167116;167539;167882
158;Jackson city, Mississippi;173514;173551;173698;175149;174822;172927;172014;170901;169022;166823;163772;160628
159;Alexandria city, Virginia;139966;139998;140729;144219;147291;149637;151375;153654;156698;159215;159069;159428
160;Hayward city, California;144186;144427;144835;146935;149406;151753;154376;157999;159331;160324;159760;159203
161;Clarksville city, Tennessee;132929;132901;133486;136104;142652;142281;145899;148147;149162;152917;156376;158146
162;Lakewood city, Colorado;142980;142600;142759;144087;145396;146878;149434;152052;154039;154966;156682;157935
163;Lancaster city, California;156633;156649;156824;158078;158253;159055;159634;159813;159633;159434;158622;157601
164;Salinas city, California;150441;150607;150887;152412;153815;154958;155717;156244;156830;156463;155647;155465
165;Palmdale city, California;152750;152733;152936;153996;154861;156495;156770;156988;156739;156558;156158;155079
166;Hollywood city, Florida;140768;140709;141013;143421;144998;146038;146978;148313;151630;153371;154381;154817
167;Springfield city, Massachusetts;153060;153132;153569;153773;153933;154056;154376;154582;154028;154207;154329;153606
168;Macon-Bibb County, Georgia;(X);155783;155814;156211;156606;155031;154329;153945;153152;152840;152903;153159
169;Kansas City city, Kansas;145786;145783;145878;146227;147454;148899;150122;151502;152485;152739;152965;152960
170;Sunnyvale city, California;140081;140060;140462;143805;146436;148055;149769;151630;153544;153217;152807;152703
171;Pomona city, California;149058;149061;149107;149693;150453;151072;152225;152407;152445;152468;151925;151691
172;Killeen city, Texas;127921;127747;129024;130838;134240;136294;137589;140147;142854;145149;148683;151666
173;Escondido city, California;143911;143976;144440;146099;147570;148794;149708;150683;151204;151220;151793;151625
174;Pasadena city, Texas;149043;149307;149523;151156;152662;153532;154447;154530;154525;153858;152733;151227
175;Naperville city, Illinois;141853;142170;142402;143205;144017;144892;146193;146975;147192;147619;148090;148449
176;Bellevue city, Washington;122363;127885;128357;130196;132074;133688;136275;139757;141758;145273;147064;148164
177;Joliet city, Illinois;147433;147308;147524;147771;148084;147749;147592;147432;147802;147821;147730;147344
178;Murfreesboro city, Tennessee;108755;109119;109572;111901;114141;117042;120808;125958;131409;136217;141442;146900
179;Midland city, Texas;111147;111193;111276;113941;119794;124163;128352;133440;134935;136205;142173;146038
180;Rockford city, Illinois;152871;153285;153147;152129;151258;150608;149378;148465;147796;147008;146307;145609
181;Paterson city, New Jersey;146199;146181;146391;145593;146111;146049;145911;145928;145773;146015;145594;145233
182;Savannah city, Georgia;136286;136918;137412;140414;142327;142600;143883;145160;145818;145804;145817;144464
183;Bridgeport city, Connecticut;144229;144246;144864;146146;147096;147716;147870;147409;146287;145346;144772;144399
184;Torrance city, California;145438;145151;145154;145769;146257;146671;146845;146950;146416;145781;144706;143592
185;McAllen city, Texas;129877;131547;132093;134639;136277;137421;138719;139909;141888;142249;142530;143268
186;Syracuse city, New York;145170;145150;145215;144526;144414;145044;144331;143816;143176;142287;142745;142327
187;Surprise city, Arizona;117517;117473;117643;119617;122266;125035;127880;130336;132846;134781;137717;141664
188;Denton city, Texas;113383;116326;117010;120101;123573;125030;128217;131154;134261;135629;138315;141541
189;Roseville city, California;118788;119277;119916;122725;124432;126769;128397;130018;132708;135077;138953;141500
190;Thornton city, Colorado;118772;118787;119391;121911;124361;127022;129479;132176;134574;136777;139352;141464
191;Miramar city, Florida;122041;121958;122300;125059;128697;130120;134494;136476;138964;140215;140564;141191
192;Pasadena city, California;137122;137114;137111;137652;138097;139292;139529;141025;141601;141757;140906;141029
193;Mesquite city, Texas;139824;139701;139963;141520;143365;143604;144508;144988;144681;144218;142520;140937
194;Olathe city, Kansas;125872;125922;126269;128325;129963;131798;132839;134298;135928;137526;139758;140545
195;Dayton city, Ohio;141527;141989;142348;142000;141916;142035;141117;140819;140849;140372;140439;140407
196;Carrollton city, Texas;119097;119211;119564;122527;125484;126545;128349;133060;133704;136054;137013;139248
197;Waco city, Texas;124805;124797;125377;126443;127494;129011;129860;131801;133421;136939;137886;139236
198;Orange city, California;136416;136776;137103;138539;139372;139972;139424;140503;140581;140251;139449;138669
199;Fullerton city, California;135161;135233;135291;136386;138103;138637;138840;139982;140454;139744;139273;138632
200;Charleston city, South Carolina;120083;120364;120700;123012;125223;127246;129434;132413;134453;135626;136111;137566
201;West Valley City city, Utah;129480;129489;129653;131031;132463;133744;134431;135903;136741;136334;135982;135248
202;Visalia city, California;124442;124528;124869;125649;126420;127309;128482;129369;130662;132388;133428;134605
203;Hampton city, Virginia;137436;137464;137415;136628;137177;137332;137680;136264;135374;134725;134330;134510
204;Gainesville city, Florida;124354;124504;124681;125671;125993;126340;127571;129356;131580;132041;133665;133997
205;Warren city, Michigan;134056;134070;134081;134173;134590;135312;135666;135386;135245;135100;134376;133943
206;Coral Springs city, Florida;121096;122588;122887;125141;126682;127788;128847;130160;131753;133542;133712;133759
207;Cedar Rapids city, Iowa;126326;126580;126852;128231;128478;128826;129662;130832;131397;132564;133209;133562
208;Round Rock city, Texas;99887;100021;100772;103864;106504;109547;112665;115981;120864;123684;128849;133372
209;Sterling Heights city, Michigan;129699;129675;129709;130042;130672;131521;132136;132041;132522;132681;132725;132438
210;Kent city, Washington;92411;118620;119067;122165;124739;126118;127727;129241;130508;131697;131734;132319
211;Columbia city, South Carolina;129272;130421;130774;131302;131761;131527;131781;133616;134129;134005;132770;131674
212;Santa Clara city, California;116468;116453;116761;117836;119337;120486;121967;126024;126429;126709;129085;130365
213;New Haven city, Connecticut;129779;129884;129816;130845;131114;130906;130611;130383;130417;130653;129993;130250
214;Stamford city, Connecticut;122643;122633;122781;123988;125046;126306;127951;128352;128974;129880;129806;129638
215;Concord city, California;122067;122169;122505;123518;124678;125888;127128;128303;129036;129592;129743;129295
216;Elizabeth city, New Jersey;124969;124973;125257;125792;126595;127278;127658;127661;127968;128175;128599;129216
217;Athens-Clarke County unified government (balance), Georgia;115452;115387;116102;116928;118584;119566;119059;122213;123523;125409;125857;126913
218;Thousand Oaks city, California;126683;126490;126732;127325;127657;128224;128636;128632;128480;128229;127279;126813
219;Lafayette city, Louisiana;120623;121667;121836;122674;123587;124873;126036;126922;127221;126526;126371;126185
220;Simi Valley city, California;124237;124242;124463;125019;125274;125868;126239;126123;125958;126107;125438;125613
221;Topeka city, Kansas;127473;127630;127914;128228;128095;127725;127489;127396;126948;126517;125778;125310
222;Norman city, Oklahoma;110925;110911;111402;113882;115600;118695;118228;120239;121974;123390;123844;124880
223;Fargo city, North Dakota;105549;105625;106025;108142;110881;113739;115715;118093;120149;122420;124091;124662
224;Wilmington city, North Carolina;106476;106456;106754;108141;109658;111686;113320;115050;118770;120836;122616;123744
225;Abilene city, Texas;117063;117514;117805;118762;119853;119797;120648;121707;121883;122186;122775;123420
226;Odessa city, Texas;99940;99876;99817;102009;105908;110158;114430;118421;117159;116418;120037;123334
227;Columbia city, Missouri;108500;109044;109429;111514;113553;115440;117028;118570;120248;121539;122533;123195
228;Pearland city, Texas;91252;93117;94063;96271;99283;102832;106027;111267;115926;119312;121424;122460
229;Victorville city, California;115903;115899;116278;117891;119831;120697;121087;121442;121725;121988;121952;122385
230;Hartford city, Connecticut;124775;124765;125354;125434;125266;125128;124665;124311;123654;122888;122556;122105
231;Vallejo city, California;115942;115914;116137;116709;117599;118550;119602;120477;120949;121546;121677;121692
232;Allentown city, Pennsylvania;118032;118095;118113;118782;118878;118826;119167;120071;120420;121047;121537;121442
233;Berkeley city, California;112580;112513;112889;113968;115309;116944;118697;120749;121547;122164;121663;121363
234;Richardson city, Texas;99223;99251;99581;101660;103695;105166;109134;110883;113910;116237;119878;121323
235;Arvada city, Colorado;106433;106760;106917;108084;110229;111872;113692;115406;117710;118950;120421;121272
236;Ann Arbor city, Michigan;113934;113988;114173;115539;116079;116820;118716;119884;120919;121493;121429;119980
237;Rochester city, Minnesota;106769;106823;107047;108097;108916;110427;111198;112160;114051;115586;117047;118935
238;Cambridge city, Massachusetts;105162;105148;105008;105884;107886;112036;112993;113471;115685;116869;118151;118927
239;Sugar Land city, Texas;78817;107835;108403;109854;111277;113490;116807;118405;118784;118967;118777;118488
240;Lansing city, Michigan;114297;114265;114321;114559;114661;114734;115093;115324;116569;117730;117931;118210
241;Evansville city, Indiana;117429;120069;120091;120216;120266;120295;120153;119487;119004;118331;118060;117979
242;College Station city, Texas;93857;94225;94666;95671;97761;100601;103469;108952;111068;114483;116035;117911
243;Fairfield city, California;105321;105467;105598;106245;107497;109137;110727;112365;114456;115817;116678;117133
244;Clearwater city, Florida;107685;109139;109052;109204;109538;110279;111167;112939;114175;115482;116324;116946
245;Beaumont city, Texas;118296;117278;117378;117908;117033;118068;117812;118603;118734;118953;117667;116825
246;Independence city, Missouri;116830;116812;116891;116917;117318;117281;117505;117260;117268;117197;117017;116672
247;Provo city, Utah;112488;112487;112923;115191;115559;116119;115378;114596;116627;117583;116630;116618
248;West Jordan city, Utah;103712;103601;104023;106349;108086;109735;110416;111293;113325;113945;115610;116480
249;Murrieta city, California;103466;103731;104229;105370;106509;107361;108037;109372;111492;112995;114715;116223
250;Palm Bay city, Florida;103190;104006;104138;104131;104819;105329;106237;108160;110289;112217;113854;115552
251;El Monte city, California;113475;113531;113677;114101;114843;115414;115627;115824;115550;115514;115308;115487
252;Carlsbad city, California;105328;105328;105674;107460;108948;110665;111609;112662;113265;114477;115518;115382
252;North Charleston city, South Carolina;97471;97579;97949;99898;101994;104050;106754;108597;109738;110820;113077;115382
254;Temecula city, California;100097;100013;100703;102640;104295;106073;108671;111140;112402;113987;114614;114761
255;Clovis city, California;95631;95980;96386;97557;98588;99631;101904;103828;106353;109316;111824;114584
256;Springfield city, Illinois;116250;116996;117138;117786;117928;117633;117489;117221;116536;115771;114840;114230
257;Meridian city, Idaho;75092;76986;77428;79723;82125;85086;89174;92144;96227;100539;106464;114161
258;Westminster city, Colorado;106114;106135;106434;107739;109083;110422;111517;112420;112984;112961;113227;113166
259;Costa Mesa city, California;109960;110078;110221;111151;111790;112244;112485;112808;112933;113665;113302;113003
260;High Point city, North Carolina;104371;104526;104710;105823;106567;107573;108797;110232;111533;111746;112073;112791
261;Manchester city, New Hampshire;109565;109549;109613;110281;110888;111008;111198;111275;111903;112235;112492;112673
262;Pueblo city, Colorado;106595;106542;106755;107146;107476;107670;107823;108955;110118;111059;111725;112361
263;Lakeland city, Florida;97422;97270;97640;98834;99000;100326;102034;103550;105837;107712;110421;112136
264;Pompano Beach city, Florida;99845;99839;100063;101756;102888;104183;105500;106937;109358;110354;111636;112118
265;West Palm Beach city, Florida;99919;100665;100813;101498;102526;103420;104314;106850;108740;110328;111058;111955
266;Antioch city, California;102372;102745;103080;104193;105565;107351;109071;110308;111088;111494;111578;111502
267;Everett city, Washington;103019;102953;103173;103445;104436;105048;106460;107077;108931;110169;111088;111475
268;Downey city, California;111772;111775;111785;112215;112582;112858;113091;113260;112896;112426;111915;111126
269;Lowell city, Massachusetts;106519;106525;106782;107774;108803;109757;110537;111142;111226;111738;111362;110997
270;Centennial city, Colorado;100377;100635;100989;102508;104249;106634;107438;109120;109735;110388;110814;110937
271;Elgin city, Illinois;108188;108219;108388;109225;109710;110149;111059;111992;112265;112103;111490;110849
272;Richmond city, California;103701;103255;103631;104882;106023;107083;107921;109062;109663;109860;110189;110567
273;Peoria city, Illinois;115007;115150;114980;115426;115798;116646;115955;115183;114227;112618;111449;110417
274;Broken Arrow city, Oklahoma;98850;98837;99246;100199;102179;103603;104944;106842;107884;108395;109068;110198
275;Miami Gardens city, Florida;107167;107163;107516;108859;110056;110842;110943;111561;111884;112220;111144;110001
276;Billings city, Montana;104170;104284;104509;105458;106765;108561;108434;109599;109620;109797;109444;109577
277;Jurupa Valley city, California;(X);94986;95590;97195;98350;99469;100080;101460;103240;105760;108314;109527
278;Sandy Springs city, Georgia;93853;93826;94275;96677;98882;99377;101371;104789;105578;106634;108846;109452
279;Gresham city, Oregon;105594;105639;106008;107720;108779;109221;110029;110378;111762;111243;109808;109381
280;Lewisville city, Texas;95290;95459;95930;97636;99703;101156;102963;103956;105030;106439;106938;109212
281;Hillsboro city, Oregon;91611;92265;92559;94274;96343;98160;99827;102550;105374;107433;108201;109128
282;San Buenaventura (Ventura) city, California;106433;107217;107435;108306;109002;109339;109535;109668;109893;110093;110731;109106
283;Greeley city, Colorado;92889;92950;93308;94466;95597;96848;99055;101763;104751;106780;107475;108649
284;Inglewood city, California;109673;109649;109658;110501;110866;110954;110840;110693;110271;109907;109038;108151
285;Waterbury city, Connecticut;110366;110309;110350;110074;110019;109733;109524;108993;108453;108277;108123;107568
286;League City city, Texas;83560;83584;84096;86278;88242;90790;94121;97860;101669;104442;106005;107536
287;Santa Maria city, California;99553;99596;99689;100293;101116;102057;103021;104462;105811;106298;107218;107263
288;Tyler city, Texas;96900;96852;97140;98015;98941;99730;101557;102712;103904;104738;105668;106985
289;Davie town, Florida;91992;91950;92315;94455;95776;97599;99179;101229;103255;105136;106131;106306
290;Daly City city, California;101123;101116;101262;102460;103915;104980;105887;106538;106882;106733;106869;106280
291;Boulder city, Colorado;97385;97612;97752;100137;101160;102719;104451;106742;107128;106447;106008;105673
292;Allen city, Texas;84246;84273;84921;87680;89812;92173;94215;98344;99742;101214;103577;105623
293;West Covina city, California;106098;106108;106123;106721;107082;107348;107447;107540;107437;106942;105964;105101
294;Sparks city, Nevada;90264;91117;91237;91616;92406;93317;94561;95759;98068;100048;103979;105006
295;Wichita Falls city, Texas;104553;104682;104790;103966;104628;104948;105208;103892;104075;104325;104356;104683
296;Green Bay city, Wisconsin;104057;103882;103946;104302;104621;104593;104635;104792;104721;104977;104833;104578
297;San Mateo city, California;97207;97195;97383;98518;99816;101323;102695;103509;104357;104389;104885;104430
298;Norwalk city, California;105549;105549;105544;105903;105976;106122;106189;106237;105844;105466;104798;103949
299;Rialto city, California;99171;99103;99329;100563;101278;101547;102031;102485;102896;103234;103232;103526
300;Las Cruces city, New Mexico;97618;97706;98284;100212;101045;101238;101192;101113;101313;101963;102812;103432
301;Chico city, California;86187;86798;86783;87269;87915;88362;89491;90369;91564;93066;94342;103301
302;El Cajon city, California;99478;99584;99823;100795;101537;102303;102789;103230;103527;103468;103041;102708
303;Burbank city, California;103340;103357;103351;103732;104077;104355;104405;104472;104097;104174;103349;102511
304;South Bend city, Indiana;101168;101249;101197;101224;101056;101226;101489;101687;101996;102021;101971;102026
305;Renton city, Washington;90927;91912;92351;94131;95941;97090;98588;100455;101513;101981;101787;101751
306;Vista city, California;93834;93186;93401;94355;95307;96211;96999;99623;100746;100740;100784;101638
307;Davenport city, Iowa;99685;99701;99678;100302;101165;102053;102471;102534;102456;102310;101918;101590
308;Edinburg city, Texas;77100;82018;82504;84796;86263;88355;90342;91780;92776;95427;98036;101170
309;Tuscaloosa city, Alabama;90468;90275;90456;90913;92307;93886;95688;97576;98428;99629;100190;101129
310;Carmel city, Indiana;79191;83887;84508;86508;88566;90947;91569;92998;96114;97400;99143;101068
311;Spokane Valley city, Washington;89755;89745;90047;90665;90659;91240;92569;94163;95652;97570;99308;101060
312;San Angelo city, Texas;93200;93221;93626;94532;95841;97057;98567;99704;99790;99678;100009;101004
313;Vacaville city, California;92428;92422;92557;93225;93660;94023;95394;96224;97994;99604;99949;100670
314;Bend city, Oregon;76639;76660;76663;77575;78617;80906;83526;86277;90665;94557;97620;100421
315;Kenosha city, Wisconsin;99218;99279;99397;99560;99859;99704;99728;99479;99388;99785;99908;99944
316;Boca Raton city, Florida;84392;84409;85158;86460;87646;89689;91276;93498;96427;98236;99351;99805
317;Lee's Summit city, Missouri;91364;91368;91526;91920;92376;92968;93727;94871;96034;97169;98522;99357
318;Nampa city, Idaho;81557;81879;81998;82716;83941;86377;87894;89527;91114;93707;96213;99277
319;Rio Rancho city, New Mexico;87521;87387;87977;89499;90444;91334;91963;93116;94511;96285;97982;99178
320;South Fulton city, Georgia;(X);85589;86142;88696;91019;91757;92494;93516;95264;96078;97278;99155
321;Roanoke city, Virginia;97032;96910;96720;96782;98011;98849;99427;99669;99337;98986;99009;99143
322;Beaverton city, Oregon;89803;89725;90100;91569;92558;93279;94714;95863;97738;97824;98775;99037
323;Yuma city, Arizona;93064;90717;91328;94241;93701;92998;93624;94155;95259;96399;97648;98285
324;Lawrence city, Kansas;87643;87918;88232;89301;90118;91348;92881;94207;95655;96637;97187;98193
325;Orem city, Utah;88328;88328;88722;89605;90578;91318;91362;93777;96902;97674;97430;97828
326;Longmont city, Colorado;86270;86327;86440;87691;88903;90221;90623;92280;93269;94637;96536;97261
327;San Marcos city, California;83781;83631;83926;85001;86816;89423;92372;93199;94932;95614;96480;96664
328;Albany city, New York;97856;97845;97753;97956;98409;98488;98366;98232;97941;97735;97011;96460
329;Sandy city, Utah;87461;90180;90227;91076;91929;92599;93341;94537;96444;96406;96737;96380
330;Concord city, North Carolina;79066;79389;79571;80725;82134;83416;85395;87490;89763;92164;94192;96341
331;Federal Way city, Washington;89306;89295;89556;90664;91913;92632;93421;95254;97131;97274;96726;96289
332;Hesperia city, California;90173;90100;90279;91168;91568;91777;92071;92653;93251;94473;95013;95750
333;Brockton city, Massachusetts;93810;93767;93809;94117;94050;94361;94858;95425;95441;95682;95723;95708
334;Compton city, California;96455;96404;96442;96933;97350;97600;97634;97639;97281;97047;96348;95605
335;Flint city, Michigan;102434;102266;102035;101256;100233;99479;98617;97823;97110;96460;95926;95538
336;Erie city, Pennsylvania;101786;101738;101719;101511;101290;100532;99714;99030;98211;97214;96298;95508
337;New Bedford city, Massachusetts;95072;95071;95059;94896;94998;95065;95121;95128;95135;95083;95371;95363
338;Fishers city, Indiana;76794;77293;77832;80503;82389;84416;86865;88656;89809;91606;93407;95310
339;Sunrise city, Florida;84439;84306;84548;86303;88582;89757;90661;91928;93668;94274;95219;95166
340;Roswell city, Georgia;88346;88332;88794;90902;93210;93661;93597;93827;94549;94699;94665;94763
341;Menifee city, California;77519;77382;77929;79665;81026;83045;84522;86411;88057;90104;92249;94756
342;Tracy city, California;82922;83423;83620;84302;84727;84872;85713;86953;89181;90701;91818;94740
343;Plantation city, Florida;84955;84883;85331;86874;87928;90051;90968;91904;92767;93824;94019;94580
344;Quincy city, Massachusetts;92271;92262;92457;92544;92973;93470;93685;93766;94130;94322;94403;94470
345;Portsmouth city, Virginia;95535;95526;95451;95748;96480;96075;95829;96336;95165;94838;94750;94398
346;Mission Viejo city, California;93305;93103;93225;94020;94627;96003;96622;96543;96149;95551;94925;94381
347;Chino city, California;77983;78069;78644;79591;79949;80799;84296;85169;87468;89601;91356;94371
348;Lynn city, Massachusetts;90329;90324;90532;90709;91437;92025;92565;93057;93185;93915;94336;94299
349;Edmond city, Oklahoma;81405;81130;81451;82910;84877;86926;88599;90118;91388;91700;92893;94054
350;Dearborn city, Michigan;98153;98146;97849;97173;96878;96065;95973;95488;95052;94708;94379;93932
351;Livonia city, Michigan;96942;96857;96627;96142;95921;95239;95229;94843;94507;94237;94019;93665
352;Yakima city, Washington;91067;91273;91637;92605;92654;92713;92790;92953;93429;93500;93548;93637
353;South Gate city, California;94396;94412;94434;94591;94577;94674;94741;95597;95245;94848;94135;93444
354;Greenville city, North Carolina;84554;84711;85096;86269;87625;88847;89242;90499;90966;92008;92689;93400
355;Lawton city, Oklahoma;96867;96867;97849;98208;98415;96977;96660;95965;94117;94009;92945;93025
356;Kirkland city, Washington;48787;80585;80866;82036;83358;84455;85971;87312;87990;89010;89909;93010
357;Asheville city, North Carolina;83393;83420;83459;84457;85321;86355;87837;89374;91123;91748;92630;92870
358;Deltona city, Florida;85182;85131;85096;84979;85139;85583;86295;87728;89314;90586;91718;92757
359;Redding city, California;89861;89857;89895;90180;90397;90773;91120;90963;91203;91525;91606;92590
360;Bellingham city, Washington;80885;81205;81297;81859;82299;82593;83386;84998;86954;89031;90464;92314
361;Suffolk city, Virginia;84585;84565;84813;84750;85251;85751;86882;88079;89194;90108;90975;92108
362;Indio city, California;76036;79166;79665;81046;82250;83358;85127;86917;88196;89438;90970;91765
363;Mount Pleasant town, South Carolina;67843;68360;68509;69807;72172;74906;77937;81617;84476;87295;89869;91684
364;Carson city, California;91714;91711;91599;91690;92162;92535;92684;92752;92572;92193;91626;91394
365;Santa Barbara city, California;88410;88380;88468;88605;89285;90082;90815;91275;91518;91517;91203;91364
366;Conroe city, Texas;56207;65392;65731;67352;69662;70676;73779;76322;82068;84809;87578;91079
367;Westminster city, California;89701;89619;89772;90710;91223;91624;91555;91582;91510;91176;90742;90643
368;Santa Monica city, California;89736;89742;89759;90476;91327;92050;92087;92422;92176;91747;91106;90401
369;New Braunfels city, Texas;57740;57676;58059;59319;60885;63025;65902;70133;73351;78902;84495;90209
370;Livermore city, California;80968;81426;81599;82589;83831;85448;87017;88248;89572;90137;90253;90189
371;Palm Coast city, Florida;75180;75199;75499;76641;77363;78409;80027;81938;84155;86146;87660;89800
372;St. George city, Utah;72897;72759;72837;73789;75010;76275;77942;79574;81696;84547;87113;89587
373;Fall River city, Massachusetts;88857;88865;88882;88827;88852;88992;89148;89258;89287;89298;89630;89541
374;Nashua city, New Hampshire;86494;86475;86567;86809;86927;87324;87651;88271;88648;88990;88871;89355
375;Champaign city, Illinois;81055;81246;81405;82330;83202;84112;84953;86218;87244;87839;87994;88909
376;Miami Beach city, Florida;87779;87380;87722;88713;89566;90152;90184;90570;90652;90642;89808;88885
377;Norwalk city, Connecticut;85603;85612;85956;86611;87257;87728;88023;88248;88441;88357;89061;88816
378;San Leandro city, California;84950;84977;85119;85921;86976;88074;89195;90538;90706;90418;89713;88815
379;O'Fallon city, Missouri;79329;79597;79964;81184;82136;83136;84221;85061;86449;87523;88364;88673
380;Newton city, Massachusetts;85146;85089;85373;85827;87029;87479;88269;88588;88569;88836;88641;88414
381;Reading city, Pennsylvania;88082;87994;88040;88195;88141;88264;88171;88047;88128;88134;88542;88375
382;Avondale city, Arizona;76238;76132;76232;77279;78718;79745;80726;81924;83288;84742;85715;87931
383;Fort Smith city, Arkansas;86209;86266;86291;87205;87624;87385;87131;87677;87561;87834;87720;87891
384;Citrus Heights city, California;83301;83184;83273;83781;84308;84924;85665;86543;87179;87675;87707;87796
385;Ogden city, Utah;82825;82887;83100;83312;83874;84180;84406;85295;86742;87061;87202;87773
386;Fayetteville city, Arkansas;73580;73580;73962;75604;76969;78652;80417;82332;83620;85587;86615;87590
387;Fort Myers city, Florida;62298;62305;62503;63818;65504;67802;70449;73470;76752;80015;82229;87103
388;Goodyear city, Arizona;65275;65261;65502;66589;67822;70392;72346;74815;77412;79945;82873;86840
389;Bryan city, Texas;76201;76226;76517;77196;77832;78939;80667;82052;83171;84188;84817;86276
390;Waukegan city, Illinois;89078;89115;89167;88998;88799;88897;88791;88369;88157;87615;86680;86075
391;Hawthorne city, California;84293;84290;84295;84922;85359;85863;86740;87669;87685;87308;86671;86068
392;Redwood City city, California;76815;76817;77010;77970;79188;81034;82741;85274;85293;86394;86105;85925
393;Hoover city, Alabama;81619;80823;80953;81617;82952;83581;84005;84592;84895;85235;85517;85768
394;Bloomington city, Indiana;80405;80293;80612;81497;82160;82457;83162;83596;84387;84837;85139;85755
395;Duluth city, Minnesota;86265;86266;86191;86239;86162;86045;86095;85985;86084;85979;85856;85618
396;Lake Forest city, California;77264;77445;77552;78299;78727;79112;79678;81964;83019;83878;85381;85531
397;Hemet city, California;78657;78630;79090;80226;81033;81718;82541;83305;84121;84809;85148;85334
398;Whittier city, California;85331;85313;85319;85633;85968;86326;86482;86705;86600;86326;85791;85098
399;Clifton city, New Jersey;84136;84117;84169;84690;84695;84898;85141;85240;85192;85267;85251;85052
400;Largo city, Florida;77648;79439;79372;79480;79738;80422;80852;81903;84088;84686;84937;84948
401;Bloomington city, Minnesota;82893;82893;83036;83937;84867;85078;85052;85190;85459;85588;85474;84943
402;Danbury city, Connecticut;80893;80893;81308;82085;82777;83577;83681;84200;84927;84616;84675;84694
403;Santa Fe city, New Mexico;67947;80871;81012;81706;82144;82584;82824;83117;83515;83954;84211;84683
404;Johns Creek city, Georgia;76728;76638;77090;79218;81852;82455;82743;82980;83930;84282;84320;84579
405;Newport Beach city, California;85186;85211;85329;86073;86522;86877;86688;86585;86510;85740;85074;84534
406;Kennewick city, Washington;73917;73994;74447;75585;75930;76579;77339;78724;80081;81621;82696;84347
407;Mission city, Texas;77058;77695;78118;79728;80920;81486;82167;82823;83257;83576;83958;84331
408;Milpitas city, California;66790;66820;66729;67124;68862;69944;73560;77485;77829;77874;80208;84196
409;Troy city, Michigan;80980;80972;81020;81649;82271;83007;83399;83496;84092;84187;84111;84092
410;Chino Hills city, California;74799;74792;74963;75639;76042;76285;76509;77826;78452;80115;83239;83853
411;Alhambra city, California;83089;83119;83160;83594;84120;84337;84786;84843;85221;84878;84373;83750
412;Merced city, California;78958;78958;79131;79705;80231;80703;81120;81775;82232;82589;83113;83676
413;Trenton city, New Jersey;84913;84959;85004;84854;84631;84503;84042;83519;83313;83497;83604;83203
414;Franklin city, Tennessee;62487;62569;62820;64357;66359;68876;70620;72573;74695;78265;81027;83097
415;Medford city, Oregon;74907;74992;75043;75617;76153;76840;77763;78990;80174;81191;82333;83072
416;Melbourne city, Florida;76068;76217;76363;76537;76854;77393;78276;79323;80656;81822;82603;83029
417;Manteca city, California;67096;67348;67733;69244;70884;71761;73157;75088;76831;79079;81603;83028
418;Mountain View city, California;74066;74008;74236;75108;76507;77955;79150;80345;80821;81189;83168;82739
419;Sioux City city, Iowa;82684;82693;82858;83096;82689;82608;82534;82669;82748;82234;82380;82651
420;Lynchburg city, Virginia;75568;75534;75548;76584;77269;77940;78141;79134;79710;80523;81309;82168
421;Buena Park city, California;80530;80619;80792;81553;82045;82717;82621;82770;82988;82619;82187;81788
422;Pleasanton city, California;70285;70280;70381;71133;72098;74026;77454;79265;82330;82831;82357;81777
423;Longview city, Texas;80455;80423;80565;81024;81190;81249;81253;81717;81378;80980;81191;81631
424;Westland city, Michigan;84094;84150;83959;83518;83334;82659;82628;82321;82115;81940;81752;81511
425;Auburn city, Washington;70180;70301;70560;71748;73474;74924;76198;77479;78725;81333;81789;81464
426;Cranston city, Rhode Island;80387;80627;80757;80881;81066;81033;81248;81306;81221;81022;81335;81456
427;Somerville city, Massachusetts;75754;75701;75877;76710;77620;78573;78991;79715;80936;81204;81357;81360
428;Folsom city, California;72203;72147;72110;72542;73042;72782;74950;75935;76999;77798;78842;81328
429;Springdale city, Arkansas;69797;70800;71129;72453;73712;75121;76238;77524;78737;79819;80907;81125
430;Deerfield Beach city, Florida;75018;75008;75178;76504;77395;78002;78565;79334;79972;80525;80666;81066
431;Warwick city, Rhode Island;82672;82689;82643;82049;81700;81548;81710;81142;81027;80820;80966;81004
432;Cicero town, Illinois;83891;84241;84267;84438;84569;84601;84397;83884;83219;82399;81477;80796
433;Farmington Hills city, Michigan;79740;79725;79761;80345;80922;81490;81744;81536;81560;81426;80939;80612
434;Brooklyn Park city, Minnesota;75781;75776;75963;76883;77905;78471;78816;79256;79871;80322;80524;80389
435;Lawrence city, Massachusetts;76377;76343;76551;77260;77910;78382;79182;79699;79818;80003;80112;80028
436;Plymouth city, Minnesota;70576;70591;70715;71703;73104;74096;75176;76034;77341;78128;79345;79768
437;Buckeye city, Arizona;50876;50851;51350;52486;54389;56603;59100;61633;64641;68534;74339;79620
438;Georgetown city, Texas;47400;47483;48012;50310;52483;54831;58974;63533;67028;70640;74275;79604
439;Cedar Park city, Texas;48937;55117;55777;58840;61496;64800;67161;69556;72545;75559;76903;79462
440;Tustin city, California;75540;75317;75472;76227;77575;78122;80138;80088;80245;80121;79578;79348
441;Lakewood city, California;80048;80086;80079;80413;80672;80883;80927;80951;80895;80510;79907;79307
442;Perris city, California;68386;68564;69000;70426;71229;72295;73485;74613;76046;77563;78903;79291
443;Flower Mound town, Texas;64669;64675;64864;65982;67764;68375;69525;70985;73533;76700;77562;79135
444;Pharr city, Texas;70400;70457;70778;72142;73327;74165;75348;76369;77363;78649;78925;79112
445;Loveland city, Colorado;66859;66992;67157;69321;70384;71337;72514;74886;76399;76880;77752;78877
446;Boynton Beach city, Florida;68217;68293;68411;68905;70049;71305;73155;74005;75877;77711;77949;78679
447;New Rochelle city, New York;77062;77115;77233;77701;78328;79265;79342;79419;79455;79084;78822;78557
448;Temple city, Texas;66102;66082;66614;67124;68756;69544;70199;71786;73003;74377;76165;78439
449;Lake Charles city, Louisiana;71993;72398;72531;72873;73665;73886;74513;75685;76462;77586;78266;78396
450;Jonesboro city, Arkansas;67263;67295;67548;68998;70440;71604;72303;73763;74797;75938;77234;78394
451;Napa city, California;76915;77088;77185;77679;78168;78728;79384;79636;79616;79083;78946;78130
452;Parma city, Ohio;81601;81589;81456;80961;80623;80453;80166;80037;79627;79103;78622;78103
453;Layton city, Utah;67311;67529;67813;68479;68899;70978;72360;73929;75482;76447;77181;78014
454;Alameda city, California;73812;73812;73946;74692;75637;76479;77509;78459;79091;79037;78344;77624
455;Warner Robins city, Georgia;66588;69596;70047;71523;72522;73253;73859;73991;74950;75394;76365;77617
456;Rapid City city, South Dakota;67956;68994;69154;69587;70739;71730;72995;73370;74116;75237;76170;77503
457;Bloomington city, Illinois;76610;76724;76848;77308;78020;79269;78901;78414;78343;78134;77804;77330
458;Gastonia city, North Carolina;71741;71720;71707;71871;72503;72789;73183;74009;74963;76307;76885;77273
459;Baytown city, Texas;71802;71605;71757;72500;73311;75334;75926;76286;76369;76693;76592;77192
460;Upland city, California;73732;73718;73884;74465;74933;75188;75542;75970;76374;76778;76833;77140
461;Racine city, Wisconsin;78860;78556;78460;78170;77904;77782;77607;77290;77155;77188;77075;76760
462;Scranton city, Pennsylvania;76089;76083;76079;75926;76024;75831;75443;77149;77235;77214;77017;76653
463;South Jordan city, Utah;50418;50473;51301;53309;55842;59142;62446;66034;68545;70929;73837;76598
464;Bellflower city, California;76616;76625;76624;76939;77202;77404;77532;77794;77581;77326;76906;76435
465;Kalamazoo city, Michigan;74262;74263;74334;74697;75545;75792;76099;75820;75826;75803;76483;76200
466;San Ramon city, California;72148;71412;71585;72174;72850;73560;74329;75138;75703;75795;75851;75995
467;Bethlehem city, Pennsylvania;74982;74972;74979;75061;75040;74852;74966;74966;75273;75546;75742;75815
468;Wyoming city, Michigan;72125;72117;72131;72729;73509;74307;74986;75298;75685;76056;75839;75667
469;Hammond city, Indiana;80830;80825;80718;80220;79648;79009;78586;77688;77151;76489;75877;75522
470;Missoula city, Montana;66788;67358;67466;68078;68877;69487;70227;71292;72779;74077;74882;75516
471;Missouri City city, Texas;67358;66534;66905;67441;68107;69314;71076;73611;74359;74617;74834;75457
472;Pasco city, Washington;59781;62163;62928;65539;67673;68398;69500;70330;71514;72810;74485;75432
473;Baldwin Park city, California;75390;75397;75421;75750;76183;76364;76375;76427;76219;75948;75572;75251
474;Iowa City city, Iowa;67862;67961;68050;69201;70182;71454;72831;73497;74587;75690;75696;75130
475;Rancho Cordova city, California;64776;64804;65067;65970;66725;67722;69389;70640;72162;73398;74478;75087
476;Rock Hill city, South Carolina;66154;66878;66879;67593;68131;68788;69690;71183;72460;73414;74458;75048
477;Flagstaff city, Arizona;65870;66006;66088;66071;67913;68090;68609;69966;71149;72037;73762;75038
478;Gary city, Indiana;80294;80256;80155;79645;79128;78518;77985;77128;76450;75775;75210;74879
479;St. Joseph city, Missouri;76780;76783;76659;77202;77332;77221;76994;76496;76443;76076;75604;74875
480;Arlington Heights village, Illinois;75101;75185;75252;75528;75918;76116;76145;75987;75795;75473;75116;74760
481;Bolingbrook village, Illinois;73366;73365;73475;73789;73949;73909;74032;74142;74383;75003;75043;74545
482;Rochester Hills city, Michigan;70995;70987;71038;71694;72455;73116;73363;73627;73849;74517;74544;74516
483;Framingham city, Massachusetts;(X);68323;68665;69656;70061;70411;70786;70938;71459;71784;72909;74416
484;Union City city, California;69516;69531;69630;70597;71642;72552;73481;74343;75465;75227;74560;74107
485;Appleton city, Wisconsin;72623;72675;72704;72921;73128;73591;74001;74151;74392;74524;74378;74098
486;Turlock city, California;68549;68712;68848;69251;69719;70261;70868;71776;72578;73241;73396;73631
487;Camden city, New Jersey;77344;76866;76805;77049;76711;76283;75673;75204;73818;73728;73725;73562
488;Bismarck city, North Dakota;61272;61324;61589;62768;64772;67127;69011;71413;72580;73141;73229;73529
489;Evanston city, Illinois;74486;74483;74585;75142;75723;75984;75994;75619;75243;74617;73990;73473
490;Apple Valley town, California;69135;69146;69307;70025;70381;70706;71141;71747;72262;72871;73349;73453
491;Schaumburg village, Illinois;74227;74233;74294;74551;74775;74911;74903;74651;74592;74039;73388;72887
492;Woodbury city, Minnesota;61961;61963;62250;63559;64472;65523;66625;67445;68495;69520;71231;72828
493;Kissimmee city, Florida;59682;59558;59694;61323;63422;64921;66509;68633;69407;71446;73751;72717
494;Southfield city, Michigan;71739;71715;71760;72248;72711;73226;73439;73389;73465;73386;72976;72689
495;Maple Grove city, Minnesota;61567;61548;61778;63196;64504;65442;66966;68405;69678;70812;71711;72622
496;Pittsburg city, California;63264;63259;63522;64546;65523;66646;67974;69260;70798;72000;72450;72588
497;New Britain city, Connecticut;73206;73203;73251;73274;73221;73050;73048;73213;72816;72626;72591;72495
498;Jacksonville city, North Carolina;70145;70327;78089;75194;76365;75681;74217;74306;72745;72800;72775;72436
499;Mansfield city, Texas;56368;56654;57088;58331;59682;61228;62605;64705;66253;68841;70796;72419
500;Waukesha city, Wisconsin;70718;71223;71215;71224;71717;71775;72009;72375;72405;72516;72453;72299
501;Frederick city, Maryland;65239;65289;65455;65954;66402;66827;68275;69372;69881;70947;71945;72244
502;Albany city, Georgia;77434;77436;77420;77893;77537;76416;75940;74891;73957;73252;73219;72130
503;Pawtucket city, Rhode Island;71148;71153;71267;71406;71582;71623;71693;71755;71775;71600;71973;72117
504;Redmond city, Washington;54144;54511;54731;55674;56741;57606;59416;60770;62794;64872;67436;71929
505;Lauderhill city, Florida;66887;66936;67084;68246;69012;69531;70110;70901;71474;71915;71924;71868
506;Lafayette city, Indiana;67140;68864;68925;69916;70163;70976;71012;71143;71960;72110;72233;71721
507;Gulfport city, Mississippi;67793;67785;67904;68865;69782;70801;71173;71346;71518;71945;71771;71705
508;Redlands city, California;68747;68679;68807;69320;69637;69800;70209;70625;71027;71342;71416;71513
509;Weston city, Florida;65333;65419;65591;66840;67702;68333;68926;69687;70324;70901;71030;71166
510;St. Charles city, Missouri;65794;66218;66396;66633;66986;68151;68568;69120;69402;70390;70807;71028
511;Decatur city, Illinois;76122;76131;76105;75922;75449;74955;74155;73265;72510;71790;71136;70746
512;North Port city, Florida;57357;57320;57389;57726;58416;59113;60323;62244;64371;66272;68438;70724
513;North Richland Hills city, Texas;63343;63341;63479;64256;65254;67239;68424;69145;69973;70516;70686;70670
514;Greenville city, South Carolina;58409;59280;59414;59810;60171;60625;61505;63606;67134;68474;68849;70635
515;Bowling Green city, Kentucky;58067;59407;59727;60357;61294;62698;63528;64940;66087;67866;68633;70543
516;Broomfield city, Colorado;55889;55861;56226;57493;58971;60149;61764;64866;66513;68263;69324;70465
517;Canton city, Ohio;73007;73403;73427;73181;73147;72915;72634;72173;71629;71156;70752;70447
518;Marysville city, Washington;60020;60013;60193;61243;62297;63135;64919;66558;67586;68897;69606;70298
519;Walnut Creek city, California;64173;64157;64314;64827;65529;66812;67500;68747;69235;69645;69843;70166
519;Wilmington city, Delaware;70851;70875;70764;70868;71045;71201;71201;71131;70919;70658;70457;70166
521;Camarillo city, California;65201;65156;65257;65515;65656;65882;66517;67171;67141;67403;68883;69888
522;Lynwood city, California;69772;69763;69595;69661;70576;71146;71193;71397;70979;70685;70285;69887
523;Lehi city, Utah;47407;47769;48170;49677;51385;55089;57000;59034;61690;63674;65958;69724
524;Passaic city, New Jersey;69781;69811;69861;70144;69966;70081;70240;70237;70130;70123;69932;69703
525;Homestead city, Florida;60512;60748;61034;62214;63148;64246;65290;66192;68045;69124;69254;69523
526;Delray Beach city, Florida;60522;60611;60801;61495;62267;64177;65004;66203;67546;68708;69176;69451
527;Davis city, California;65622;65639;65584;65657;65781;66213;66545;67367;68028;68802;69220;69413
528;Lake Elsinore city, California;51821;53313;53627;55078;56044;57711;60111;61955;63807;66066;68051;69283
529;Daytona Beach city, Florida;61005;61591;61626;61720;62199;62957;63560;64962;67076;68096;68709;69186
530;Dothan city, Alabama;65496;65922;66097;66619;67212;67666;68122;68295;68287;68293;68337;68941
531;Rocklin city, California;56974;57131;57474;58426;58962;59613;60060;60908;62605;64654;67065;68823
532;Eau Claire city, Wisconsin;65883;66230;66298;66841;67342;67892;67747;67740;68254;68547;68770;68802
533;Rogers city, Arkansas;55964;56109;56361;58226;59666;60663;62086;63584;65236;66605;67635;68669
534;Castle Rock town, Colorado;48231;48251;48586;49693;51017;52657;55154;57175;59284;62297;65000;68484
535;St. Cloud city, Minnesota;65842;65905;65919;65873;65930;66085;66536;67352;67832;68103;68181;68462
536;Bossier City city, Louisiana;61315;61768;62120;63540;65414;66191;67078;68157;68125;68471;68316;68159
537;Rockville city, Maryland;61209;61242;61484;62055;63286;63825;65445;66733;66923;67830;68028;68079
538;Muncie city, Indiana;70085;70206;70193;70406;69757;69710;69606;69121;69148;68854;68115;67999
539;Gaithersburg city, Maryland;59933;59899;60185;61440;63037;65673;66518;67081;67587;67987;68070;67985
540;Union City city, New Jersey;66455;66467;66459;67446;67844;68232;68302;68119;68365;68485;68124;67982
541;West Des Moines city, Iowa;56609;56707;56864;57562;58154;59733;61827;63489;64595;65556;66605;67899
542;South San Francisco city, California;63632;63622;63701;64448;65581;66237;66813;67221;67220;67180;67617;67789
543;Yorba Linda city, California;64234;64167;64390;65610;66282;66803;67359;67527;68033;67895;67589;67644
544;Conway city, Arkansas;58908;58874;59592;61630;62818;63359;64403;64769;65232;65958;67032;67638
545;Lodi city, California;62134;62121;62253;62741;63048;63128;63620;64264;64578;65715;67003;67586
546;Palatine village, Illinois;68557;68551;68611;68886;69170;69378;69427;69302;68953;68506;67942;67482
547;Ankeny city, Iowa;45582;45608;45845;47043;48363;50785;53299;56109;58609;62365;65248;67355
548;Mount Vernon city, New York;67292;67316;67399;67751;67844;68133;68213;68281;68245;67966;67655;67345
549;Rowlett city, Texas;56199;56242;56345;57011;57771;58090;58471;60355;62291;62992;66126;67339
550;Waterloo city, Iowa;68406;68496;68492;68554;68535;68700;68676;68619;68108;67758;67722;67328
551;Lakeville city, Minnesota;55954;56001;56161;56711;57471;58697;59976;60791;61997;63677;65778;67317
552;Alpharetta city, Georgia;57551;57383;57691;59141;61577;61937;62693;63337;65411;65734;66257;67213
553;Jackson city, Tennessee;65211;66847;66814;66726;67018;67467;67112;66760;66718;66748;66952;67191
554;Yuba City city, California;64925;65634;65631;65364;65283;65538;65757;66134;66218;66564;66695;67010
555;Oshkosh city, Wisconsin;66083;66346;66328;66360;66862;66943;66796;66684;66634;66705;66802;67004
556;Victoria city, Texas;62592;62624;62675;63113;64244;64964;65904;67154;67346;67019;66835;66916
557;Johnson City city, Tennessee;63152;63383;63528;63951;64370;64706;65106;65497;66140;66164;66759;66906
558;Redondo Beach city, California;66748;66931;66933;67192;67438;67629;67673;67771;67809;67511;67206;66749
559;Tamarac city, Florida;60427;60778;60921;62019;62752;63262;63731;64499;65517;66148;66447;66721
560;Laguna Niguel city, California;62979;62989;63119;63774;64134;64381;65079;65396;65145;66011;66079;66385
561;Eagan city, Minnesota;64206;64150;64202;64488;64878;65403;65996;66212;66328;66594;66472;66372
562;Kenner city, Louisiana;66702;66631;66635;66814;66781;66836;66776;66896;67083;66933;66584;66340
563;Auburn city, Alabama;53380;53439;53785;54950;57149;58816;60372;61754;62773;63927;65495;66259
564;Ames city, Iowa;58965;59035;59098;60440;61427;63053;64773;65685;65915;66301;66001;66258
565;Portland city, Maine;66194;66191;66088;66183;66216;66391;66832;66825;66911;66646;66405;66215
566;North Little Rock city, Arkansas;62304;62350;62436;63482;64645;65929;66656;66388;66141;65855;66022;65903
567;Sammamish city, Washington;45780;57449;57656;58726;59973;61006;62174;63266;63817;64929;65495;65892
568;Madera city, California;61416;61513;61603;61907;62382;62749;63230;63690;64187;64941;65440;65860
569;Shawnee city, Kansas;62209;62203;62311;63011;63559;64243;64449;64994;65376;65556;65933;65807
570;Jupiter town, Florida;55156;55312;55468;56214;57203;58501;60772;62810;64066;64888;65377;65791
571;Doral city, Florida;45704;45712;45953;47024;47877;50052;53643;55482;57704;60222;60762;65741
572;Blaine city, Minnesota;57186;57179;57409;58194;59438;60500;61386;62360;63191;64288;65082;65607
573;Tulare city, California;59278;59293;59432;59789;60625;60905;61444;61915;62538;63486;64274;65496
574;Youngstown city, Ohio;66982;66946;66876;66556;66056;65470;65142;64687;64335;64540;64860;65469
575;Wellington village, Florida;56508;56697;56830;57506;58593;60303;61507;62605;64204;64793;65058;65398
576;Pflugerville city, Texas;46936;48370;48717;50273;51988;53813;54714;57241;59500;63260;64172;65380
577;Palo Alto city, California;64403;64387;64535;65345;66089;66613;66848;66782;67353;66960;66258;65364
578;Schenectady city, New York;66135;66157;66151;66098;66087;65829;65846;65538;65076;65300;65345;65273
579;Harlingen city, Texas;64849;64943;65102;65638;65786;65674;65510;65208;65229;65153;64996;65022
580;Bayonne city, New Jersey;63024;63015;63050;63945;64252;64736;65369;65290;65315;65333;64677;64897
581;Eden Prairie city, Minnesota;60797;60797;60899;61667;62392;62673;63341;63608;64001;64193;64263;64893
582;Port Orange city, Florida;56048;56628;56627;56727;56978;57508;58983;60145;61454;63062;64055;64842
583;Dublin city, California;46036;46036;45903;46804;48700;52027;54554;57545;59579;60797;63423;64826
584;San Marcos city, Texas;44894;45139;45267;47687;50010;54403;58983;60446;61726;63526;63688;64776
585;Noblesville city, Indiana;51969;52374;52909;54248;55542;56849;57725;58741;60304;61874;63303;64668
586;Santa Cruz city, California;59946;59944;60578;61434;61954;62731;63172;64082;64396;64815;64643;64608
587;Janesville city, Wisconsin;63575;63658;63623;63439;63509;63675;63853;63880;64023;64297;64483;64575
588;San Clemente city, California;63522;63500;63605;64255;64612;64845;64947;65142;65185;64973;64699;64558
589;Brentwood city, California;51481;51627;51813;52716;53508;54916;56854;58796;60571;62265;63760;64474
590;East Orange city, New Jersey;64270;64169;64150;64332;64172;64221;64262;64438;64426;64306;64258;64367
591;Cheyenne city, Wyoming;59466;59552;59778;60177;61438;62122;62279;62905;63451;63520;63835;64235
592;Eastvale city, California;(X);53712;54054;54966;55627;56247;57386;59231;60670;62309;63815;64157
593;Chapel Hill town, North Carolina;57233;57221;57406;57370;58650;58860;59120;59046;59654;58918;63367;64051
594;Haverhill city, Massachusetts;60879;60878;60999;61505;61860;62272;62605;62861;63200;63664;63926;64014
595;Lorain city, Ohio;64097;64099;64076;63940;63756;63735;63773;63662;63729;63774;63984;63855
596;Grand Junction city, Colorado;58566;59034;58846;59475;59660;59809;59643;60389;61236;61995;63131;63597
597;Springfield city, Oregon;59403;59413;59445;59859;59974;60019;60164;60436;61531;62373;62806;63230
598;Coon Rapids city, Minnesota;61476;61485;61539;61561;61958;62064;62163;62264;62374;62479;62491;62998
599;Idaho Falls city, Idaho;56813;57833;57995;58518;58860;59034;59320;59858;60797;61768;62023;62888
600;North Miami city, Florida;58786;60134;60322;60991;61553;61946;61903;62040;62018;61939;63481;62822
601;Encinitas city, California;59518;59526;59684;60264;60890;61555;62023;62590;62921;62884;62750;62709
602;Skokie village, Illinois;64784;64845;64889;65087;65247;65328;65223;64888;64437;63847;63171;62700
603;Leander city, Texas;26521;27288;27709;29120;30636;32774;35280;39019;43788;49792;55924;62608
604;Waltham city, Massachusetts;60632;60638;60889;61382;62047;62327;63114;63003;62939;62822;62563;62495
605;Council Bluffs city, Iowa;62230;62226;62370;62502;62160;62117;62397;62556;62458;62377;62221;62166
606;Hamilton city, Ohio;62477;62291;62345;62329;62234;62299;62414;62345;62250;62114;62132;62082
607;Moore city, Oklahoma;55081;55082;55425;56724;57830;57800;58462;59593;60479;60973;61452;62055
608;Pico Rivera city, California;62942;62958;62960;63221;63430;63597;63637;63670;63438;63133;62677;62027
609;Montebello city, California;62500;62488;62490;62903;63123;63279;63322;63379;63134;62823;62440;61954
610;Millcreek city, Utah;(X);58750;58853;59397;59853;60253;60176;60147;60354;60718;61060;61450
611;Sanford city, Florida;53570;53933;53971;54377;54937;56283;57643;58289;58968;59542;60107;61448
612;National City city, California;58582;58560;58624;59042;59369;59776;60132;60721;60967;61083;61272;61394
613;Burnsville city, Minnesota;60306;60286;60391;60649;60864;61144;61314;61203;61316;61431;61162;61339
614;Coconut Creek city, Florida;52909;53042;53183;54324;55131;56920;58502;59202;59815;61070;61205;61248
615;Lakewood city, Washington;58163;57532;57600;57945;58110;58144;58580;58885;59747;60316;60511;61037
616;Taylor city, Michigan;63131;63131;62982;62631;62465;61957;62068;61777;61580;61404;61163;60922
617;Novi city, Michigan;55224;55232;55287;56055;57043;58124;58634;58913;59598;59948;60787;60896
618;Marietta city, Georgia;56579;56486;56708;57348;58167;58819;59547;59845;60679;60679;60647;60867
619;Ocala city, Florida;56315;56568;56565;56707;56783;56804;57178;57719;58460;59091;60274;60786
620;Terre Haute city, Indiana;60785;60785;60787;60993;61176;60921;60785;60596;60683;60816;60775;60622
621;Woodland city, California;55468;55553;55615;55786;56272;56713;57328;58385;59098;59923;60474;60548
622;Petaluma city, California;57941;57968;58037;58236;58728;59337;59753;60295;60468;60682;61826;60520
623;La Habra city, California;60239;59016;59108;59658;59970;60224;60421;60473;60292;60898;60778;60513
624;Malden city, Massachusetts;59450;59536;59691;60131;60591;60938;61217;61383;61276;61079;60735;60470
625;Commerce City city, Colorado;45913;45864;46128;47507;48504;49717;51468;53161;54523;55925;58324;60336
626;Owensboro city, Kentucky;57265;57482;57511;57755;58139;58357;58415;59031;59305;59523;59745;60131
627;Bristol city, Connecticut;60477;60499;60502;60599;60658;60558;60588;60524;60304;60131;60101;59947
628;West Allis city, Wisconsin;60411;60401;60418;60492;60695;60803;60765;60709;60331;59845;59410;59890
629;Taylorsville city, Utah;58652;58691;58754;59761;60210;60530;60361;60290;60401;60057;60005;59805
630;Utica city, New York;62235;62241;62209;62036;61886;61680;61289;60912;60618;60374;60040;59750
631;Monterey Park city, California;60269;60225;60218;60460;60645;60796;60832;60908;60830;60668;60198;59669
632;Bonita Springs city, Florida;43914;43930;44075;45039;46342;47664;49367;51850;54400;56175;57398;59637
633;Porterville city, California;54165;58104;58197;58540;58708;58891;58995;59721;59699;59745;59685;59599
634;Greenwood city, Indiana;49791;51116;51159;52031;52800;53658;54452;55272;56352;57356;58701;59458
635;Bartlett city, Tennessee;54613;56941;57030;57388;58224;58231;58353;58665;58887;59101;59403;59440
636;Bradenton city, Florida;49546;49273;49310;49642;50207;51175;52253;53838;55048;56686;57601;59439
636;Vineland city, New Jersey;60724;60734;60820;60984;60921;60874;60887;60583;60312;59862;59856;59439
638;Pontiac city, Michigan;59515;59695;59687;59913;60299;60448;60466;60260;60224;60123;59741;59438
639;Meriden city, Connecticut;60868;60825;60832;60699;60672;60491;60384;60063;59708;59646;59566;59395
640;Gardena city, California;58829;58829;58835;59114;59368;59788;59843;59946;59873;59871;59540;59329
641;Apex town, North Carolina;37476;37727;37991;38999;40659;42388;44064;45652;47543;50524;53859;59300
642;Royal Oak city, Michigan;57236;57232;57260;57697;58139;58562;58763;58750;59226;59374;59356;59277
643;Cupertino city, California;58302;58559;58689;59172;59769;60198;60592;60519;60900;60588;60004;59276
644;Lancaster city, Pennsylvania;59322;59263;59277;59417;59406;59397;59411;59446;59486;59494;59407;59265
645;La Mesa city, California;57065;57016;57149;57644;58099;58556;58855;59697;59751;59722;59389;59249
646;Gilroy city, California;48821;48879;49006;49700;50718;51893;52538;53259;55369;57549;58588;59032
647;St. Clair Shores city, Michigan;59715;59765;59767;59799;59986;60183;60085;59912;59788;59657;59282;58984
648;Des Plaines city, Illinois;58364;58383;58454;58725;58978;59112;59104;58811;58430;58078;58854;58899
649;Springfield city, Ohio;60608;60563;60531;60267;60079;59872;59730;59449;58906;59168;59263;58877
650;Corvallis city, Oregon;54462;54494;54401;54730;55139;54710;55517;56375;57327;58546;58969;58856
651;Margate city, Florida;53284;53120;53242;54190;54820;55256;55664;56741;57832;58200;58495;58796
652;Bowie city, Maryland;54727;55296;55458;56000;56574;57102;57750;58225;58431;58563;58610;58643
653;Casa Grande city, Arizona;48571;48564;48955;48904;49453;49777;51362;52687;54247;55695;57019;58632
654;Caldwell city, Idaho;46237;46346;46535;47271;47708;48964;50122;51543;53106;54738;56478;58481
655;San Rafael city, California;57713;57698;57797;58232;58448;58995;59130;59074;58918;58801;58704;58440
656;Great Falls city, Montana;58505;59121;59243;59411;59284;59549;59359;59281;58915;58879;58751;58434
657;Sarasota city, Florida;51917;52107;52219;52527;52954;53149;54015;54956;56440;57185;57746;58285
658;Richland city, Washington;48058;48491;48876;50622;51767;52549;53248;54412;55095;56656;57533;58225
659;St. Peters city, Missouri;52575;52595;52796;53414;54062;54825;56012;56742;57159;57179;57123;58212
660;Hendersonville city, Tennessee;51372;51333;51485;52283;52919;53824;54851;55597;56563;57560;57634;58113
661;White Plains city, New York;56853;56866;56946;57183;57255;57647;57733;58020;58000;58388;58141;58109
662;Huntersville town, North Carolina;46773;46909;47103;48184;49424;50673;51728;52973;55273;56385;57212;58098
663;Santee city, California;53413;53420;53640;54523;55381;56151;56828;57471;57678;57825;57944;58081
664;Kokomo city, Indiana;45468;58187;58193;58208;58212;58204;58158;57980;57762;57858;57922;58020
665;Arcadia city, California;56364;56303;56322;56594;56801;57215;57513;57835;58238;58374;58385;57939
666;Casper city, Wyoming;55316;55316;55261;56092;57684;59487;59673;60014;58933;57851;57515;57931
667;Dubuque city, Iowa;57637;57605;57689;57916;58165;58491;58573;58566;58248;58299;57975;57882
668;Orland Park village, Illinois;56767;56607;56664;56968;57232;58470;58592;58531;58912;58579;58179;57857
669;Weymouth Town city, Massachusetts;53743;53762;53828;54177;55058;55452;55725;55798;55924;56695;57511;57746
670;Parker town, Colorado;45297;45357;45540;46116;47054;48364;49508;51112;52714;54261;55813;57706
671;Palm Beach Gardens city, Florida;48452;49896;50012;50563;51320;52221;53388;54437;55536;56360;57007;57704
672;Hanford city, California;53967;54436;54463;54612;54524;54741;55086;55608;55663;56383;56971;57703
673;Huntington Park city, California;58114;58125;58125;58334;58524;58739;58908;58933;58701;58476;57998;57509
674;Taunton city, Massachusetts;55874;55826;55851;55876;55990;56109;56659;56838;56939;56982;57365;57464
675;Midwest City city, Oklahoma;54371;54370;54586;55386;56232;56835;57095;57289;57417;57165;57186;57407
676;Medford city, Massachusetts;56173;56280;56400;56824;57255;57399;57551;57792;57820;57772;57554;57341
677;Euless city, Texas;51277;51263;51411;52052;52756;53140;53569;54163;54881;55252;57241;57197
678;Shoreline city, Washington;53007;53031;53180;53762;54459;54802;55249;55592;55687;56521;56557;57027
679;Smyrna city, Georgia;51271;51037;51140;51636;52322;53074;54419;55583;56246;56285;56512;56666
680;Pocatello city, Idaho;54255;54236;54335;54702;54779;54476;54427;54775;54911;55336;55982;56637
681;Valdosta city, Georgia;54518;54764;54977;55787;57156;56088;56309;55818;55846;56054;56428;56457
682;Carson City, Nevada;55274;55269;54981;54676;54312;53726;54082;54068;54147;54532;55202;55916
683;Lake Havasu City city, Arizona;52527;52531;52578;52789;52794;52786;53030;53399;53800;54380;55020;55865
684;Grand Forks city, North Dakota;52838;52920;53040;52770;53576;54914;55811;56535;56729;56754;56637;55839
685;Blue Springs city, Missouri;52575;52593;52657;52754;52977;53149;53462;53998;54387;54861;55126;55829
686;Southaven city, Mississippi;48982;48979;49125;49756;50407;50977;51740;52529;53200;54155;54979;55780
687;Tinley Park village, Illinois;56703;56827;56882;57086;57268;57372;57364;57195;56929;56553;56095;55773
688;Diamond Bar city, California;55544;55568;55588;55854;56087;56233;56279;56429;56581;56334;56106;55720
689;New Brunswick city, New Jersey;55181;54500;54886;55296;55404;55896;55882;56009;56183;56120;55878;55676
690;Lenexa city, Kansas;48190;48216;48292;48865;49351;50279;50924;52430;53028;53557;55349;55625
691;Brookhaven city, Georgia;(X);49640;49688;50147;50942;51479;51990;52693;53148;53630;54029;55554
692;Novato city, California;51904;51869;51970;52680;53221;54142;54856;55406;55913;55701;55640;55516
693;Tigard city, Oregon;48035;48205;48326;49244;49818;50361;50674;51060;51978;53373;54652;55514
694;Highland city, California;53104;53106;53218;53671;53939;54150;54325;54553;54752;55198;55311;55417
695;Fountain Valley city, California;55313;55360;55470;55950;56318;56601;56671;56643;56423;56051;55663;55357
696;Dearborn Heights city, Michigan;57774;57774;57640;57278;57115;56653;56596;56322;56097;55873;55627;55353
697;Albany city, Oregon;50158;50142;50327;50946;51017;50937;51343;51659;52716;53524;54518;55338
698;Grapevine city, Texas;46334;46336;46610;47102;48427;50117;50772;51430;52055;53974;53809;55281
699;Apple Valley city, Minnesota;49084;49092;49146;49492;49721;49925;50195;50950;51938;52390;54065;55135
700;Chicopee city, Massachusetts;55298;55307;55306;55630;55840;55923;56274;55820;55342;55336;55424;55126
701;Hempstead village, New York;53891;54018;54081;54187;54982;55476;55488;55407;55367;55363;55246;55113
702;Oak Lawn village, Illinois;56690;56690;56732;56924;57078;57170;57106;56825;56456;55983;55430;55022
703;Cathedral City city, California;51200;51230;51452;52077;52478;52846;53187;53516;53943;54413;54793;55007
704;Bentonville city, Arkansas;35301;35356;35859;37227;38747;40472;42001;44743;47166;49399;51103;54909
705;Stonecrest city, Georgia;(X);50207;50256;50726;51537;52084;52607;53327;54037;54278;54424;54903
706;Kettering city, Ohio;56163;56129;56131;56000;55925;55798;55552;55375;55244;55144;55014;54855
707;Colton city, California;52154;52148;52261;52712;52945;53105;53706;54291;54507;54680;54637;54824
708;Anderson city, Indiana;56129;56082;56065;55798;55441;55465;55252;55020;54985;54898;54883;54765
709;West Haven city, Connecticut;55564;55564;55570;55510;55284;55130;55289;54872;54640;54841;54895;54620
710;Burlington city, North Carolina;49963;51079;51172;51169;51198;51314;51475;51867;52180;53121;53911;54606
711;Manhattan city, Kansas;52281;52158;52526;54148;56597;56101;55685;56513;55241;55124;54983;54604
712;St. Cloud city, Florida;35183;37787;37983;39474;41175;42504;44605;46742;48578;51700;54200;54579
713;Normal town, Illinois;52497;52549;52643;53119;54025;54667;54517;54294;54391;54452;54629;54469
714;Decatur city, Alabama;55683;55786;55814;55916;55837;55465;55269;55027;54729;54437;54364;54445
715;Berwyn city, Illinois;56657;56653;56671;56791;56886;56914;56777;56436;55986;55435;54821;54391
716;Port Arthur city, Texas;53818;54376;54500;54905;54563;54719;54529;55378;55566;55433;54889;54280
717;Kingsport city, Tennessee;48205;52997;52953;52924;52739;52817;52822;52757;52521;53487;54006;54127
718;Minnetonka city, Minnesota;49734;49735;49796;50646;51232;51437;51555;51739;52447;52910;53883;54064
719;Rosemead city, California;53764;53771;53795;54022;54215;54398;54429;54440;54332;54221;54226;54058
720;Paramount city, California;54098;54098;54104;54329;54580;54854;54914;54971;54789;54621;54259;53955
721;Rocky Mount city, North Carolina;57477;57695;57680;57401;56735;56300;55880;55003;54992;54634;54232;53922
722;Yucaipa city, California;51367;51347;51474;51954;52280;52546;52730;52981;53186;53496;53557;53921
723;Watsonville city, California;51199;51214;51278;51593;51887;52412;52959;53528;53774;53919;53875;53856
724;Elyria city, Ohio;54533;54526;54487;54322;54162;54115;54078;53917;53865;53781;53797;53757
725;Leesburg town, Virginia;42616;42643;43067;44537;46076;47713;49338;50935;52495;54055;53763;53727
726;Mount Prospect village, Illinois;54167;55037;55082;55264;55417;55602;55770;55528;55156;54675;54116;53719
727;Pinellas Park city, Florida;49079;49553;49532;49944;50202;50532;51410;51989;52615;52940;53157;53637
728;Delano city, California;53041;53044;53130;53620;52403;52331;52447;52495;52568;52877;52921;53573
729;Bellevue city, Nebraska;50137;51520;51634;51858;52407;52786;52706;52956;53291;53398;53494;53544
730;West Sacramento city, California;48744;48744;48842;49106;49528;49978;51637;52431;52933;53304;53601;53519
731;Apopka city, Florida;41542;42194;42407;43765;45103;46238;47796;49109;50486;52277;53557;53447
732;Palm Desert city, California;48445;48449;48684;49251;49775;50357;50916;51552;52077;52794;53129;53275
733;Milford city (balance), Connecticut;51271;51261;51300;51376;51551;51653;51973;52128;52531;52816;53148;53195
734;Little Elm city, Texas;25898;25892;26197;27709;29023;32916;35493;38438;42661;45988;49644;53126
735;Revere city, Massachusetts;51755;51713;51845;52628;53241;53694;53802;53960;53942;54071;53483;53073
736;Peabody city, Massachusetts;51251;51266;51399;51632;51904;52224;52463;52629;52759;52948;53092;53070
737;Wylie city, Texas;41427;41685;42044;43597;44769;45352;46439;47348;48499;49536;51003;53067
738;Harrisonburg city, Virginia;48914;48900;48993;49935;51312;51537;52542;52675;53542;53644;53488;53016
739;DeSoto city, Texas;49047;49043;49344;50196;51216;51587;52046;52612;53088;53533;53254;52988
740;Pensacola city, Florida;51923;52008;52014;51848;52149;52270;52434;52473;52662;52525;52637;52975
741;Olympia city, Washington;46478;46884;47067;47696;48089;48473;49327;49849;50732;51660;52508;52882
742;Edina city, Minnesota;47941;47980;48037;48686;49202;49501;49704;50251;51428;51783;52430;52857
743;Wheaton city, Illinois;52894;53045;53104;53416;53576;53765;53769;53736;53518;53406;53108;52745
744;West New York town, New Jersey;49708;49710;49843;50511;50853;51252;51529;52540;52596;52732;52668;52723
745;Hoboken city, New Jersey;50005;50020;50057;50769;51481;52177;52463;52839;53649;53662;53134;52677
746;Lacey city, Washington;42393;42543;42708;43423;43947;44761;45271;46071;47309;49632;50600;52592
747;Summerville town, South Carolina;43392;42960;43175;43982;44710;45952;47370;49227;50216;51517;51880;52549
748;Coeur d'Alene city, Idaho;44137;44168;44292;45009;45519;46250;47629;48761;49802;50584;51210;52414
749;Oak Park village, Illinois;51878;51878;51896;52013;52099;52254;52138;52405;52060;52149;52173;52381
750;Elkhart city, Indiana;50949;51908;51841;51905;51975;52157;52285;52505;52475;52372;52373;52358
751;Maricopa city, Arizona;43482;43488;43686;43866;44030;44814;45543;46109;46914;48002;50028;52127
752;Kentwood city, Michigan;48707;48701;48732;49186;49752;50352;50861;51352;51742;51781;51829;51898
753;Madison city, Alabama;42938;43192;43556;44304;45189;45929;46636;47170;48158;49207;50491;51593
754;Smyrna town, Tennessee;39974;40401;40568;41407;42128;43517;45731;46941;48515;49910;50748;51586
755;Glendora city, California;50073;50267;50376;50624;50795;51120;51065;51769;51882;51997;51846;51544
756;Logan city, Utah;48174;48203;48448;49041;49094;49057;49048;49769;50621;51019;51334;51542
757;Burien city, Washington;33313;48081;48224;48786;49511;49915;50304;50664;51377;51992;51731;51500
758;Perth Amboy city, New Jersey;50814;50827;50918;51137;51556;51722;51832;51705;51765;51821;51677;51390
759;Herriman city, Utah;21785;21768;22520;23364;24378;26278;28461;30572;35049;39166;44663;51348
760;Grand Island city, Nebraska;48520;48655;48819;49401;49905;50323;50887;50959;51182;51128;51219;51267
761;Placentia city, California;50533;50915;50994;51503;51838;52105;52108;52202;52154;51916;51538;51233
762;La Crosse city, Wisconsin;51320;51343;51376;51225;51962;51885;52145;52023;51830;51718;51491;51227
763;Battle Creek city, Michigan;52347;52401;52315;51991;51871;51788;51776;51556;51453;51275;51105;51093
764;Beaumont city, California;36877;36867;37261;38514;39286;40337;41994;43479;45156;46848;49126;51063
765;Collierville town, Tennessee;43965;45599;45661;45949;46438;47359;48754;48984;49462;50252;50671;51040
766;West Lafayette city, Indiana;29596;41997;42052;42526;43227;43666;44975;46174;47503;47504;49019;50996
767;Florissant city, Missouri;52158;52260;52235;52430;52379;52265;52172;52072;51652;51380;51147;50952
768;Hoffman Estates village, Illinois;51895;51891;51942;52147;52301;52396;52342;52098;51828;51463;51111;50932
769;Joplin city, Missouri;50150;50798;50911;48350;48483;48896;49402;49780;50192;50469;50604;50925
770;Queen Creek town, Arizona;26361;26736;27058;27602;28148;30424;33011;35534;38850;43227;47123;50890
771;Aliso Viejo city, California;47823;47674;47801;48474;49038;49538;49542;49499;50858;50982;51206;50887
772;Kannapolis city, North Carolina;42625;42621;42699;43169;43769;44385;45310;46311;47577;48774;49770;50841
773;Methuen Town city, Massachusetts;47255;47328;47445;47798;48129;48706;49384;49797;49953;50308;50565;50706
774;Galveston city, Texas;47743;47741;47793;47555;48100;48658;49251;49691;50186;50569;50396;50446
775;Mishawaka city, Indiana;48252;48236;48203;48106;48045;48111;48260;48279;48814;48984;49810;50363
776;Plainfield city, New Jersey;49808;49595;49667;49816;49972;50223;50315;50464;50276;50367;50430;50317
777;Newark city, Ohio;47573;47558;47614;47720;47809;48034;48283;48592;48946;49471;50001;50315
778;Stillwater city, Oklahoma;45688;45721;45762;46264;46723;47426;48454;49135;49769;50039;50479;50299
779;Twin Falls city, Idaho;44125;44320;44517;44851;45088;45846;46480;47280;48287;49298;49713;50197
780;Texas City city, Texas;45099;45084;45284;45179;45577;45900;46383;47299;47994;48417;49078;50094
781;Cerritos city, California;49041;49043;49042;49223;49384;49507;49532;49546;50346;50697;50288;49859
782;Coral Gables city, Florida;46780;46746;46963;47613;49049;49762;50176;50275;50396;50628;50125;49700
783;Enid city, Oklahoma;49379;49385;49530;49529;50018;50787;51113;51478;50869;50132;49723;49688
784;Lakewood city, Ohio;52131;52131;52026;51662;51400;51257;51088;50811;50528;50211;50012;49678
785;Troy city, New York;50129;50162;50081;50020;49848;49921;49968;49776;49597;49433;49354;49154
786;Saginaw city, Michigan;51508;51469;51363;51012;50728;50272;49798;49230;48902;48696;48310;48115
787;Niagara Falls city, New York;50193;50031;49996;49760;49526;49328;49083;48769;48526;48249;48012;47720
788;Charleston city, West Virginia;51400;51340;51274;50992;50858;50657;50133;49457;48789;48040;47172;46536